time,x,y,theta,left_vel,right_vel
0.0,1.0,0.0,1.5707963267948966,0.1466076571675237,0.2523247432883231
0.05,0.999950266955943,0.009972648681649012,1.5807711249635021,0.14655423631267256,0.2523186487091234
0.1,0.9998010727705235,0.019941329700552457,1.5907548553317998,0.14639396316885045,0.25230044069032204
0.15000000000000002,0.9995524322835033,0.029902076972517087,1.6007564663837928,0.14612680601882982,0.25227034646145513
0.2,0.9992043702261793,0.03985092756982624,1.6107849391819025,0.1457527120712669,0.25222874498047315
0.25,0.9987569212189223,0.04978392329790833,1.6208493036799387,0.14527160757418214,0.2521761672906436
0.30000000000000004,0.9982101297677352,0.05969711227012218,1.6309586550625144,0.144683397988838,0.25211329700768986
0.35000000000000003,0.9975640502598242,0.06958655048003273,1.6411221701162326,0.14398796823938154,0.2520409709242581
0.4,0.996818746958191,0.07944830337055164,1.6513491236348743,0.14318518305853037,0.25196017971457196
0.45,0.9959742939952391,0.08927844739931834,1.6616489048568255,0.14227488745489,0.251872068717472
0.5,0.9950307753654014,0.09907307159969879,1.672031033928001,0.1412569073332975,0.25177793877085225
0.55,0.9939882849167853,0.10882827913678116,1.6825051783774467,0.1401310503059948,0.2516792470646786
0.6000000000000001,0.9928469263418374,0.11854018885774877,1.6930811695855092,0.1388971067395499,0.2515776079731878
0.65,0.9916068131670303,0.1282049368360142,1.703769019215791,0.1375548510903851,0.25147479381939053
0.7000000000000001,0.9902680687415704,0.1378186779084996,1.7145789355718974,0.136104043590654,0.2513727355165032
0.75,0.9888308262251285,0.1473775872054521,1.7255213398280298,0.1345444323561686,0.2512735230212642
0.8,0.9872952285745957,0.1568778616721852,1.7366068820685487,0.13287575599923013,0.25117940552309825
0.8500000000000001,0.985661428529863,0.166315721582141,1.747846457055492,0.13109774684171294,0.25109279128061446
0.9,0.9839295885986297,0.17568741204067137,1.759251219624386,0.1292101348377065,0.2510162470028048
0.9500000000000001,0.9820998810402388,0.18498920447893943,1.7708325995872352,0.12721265233057144,0.2509524966563691
1.0,0.9801724878485438,0.19421739813734737,1.7826023159969877,0.125105039786522,0.2509044195626908
1.05,0.9781476007338057,0.2033683215379001,1.7945723905996698,0.12288705266590345,0.2508750476279617
1.1,0.9760254211036244,0.21243833394491923,1.806755160268421,0.12055846961425305,0.2508675615276926
1.1500000000000001,0.9738061600429063,0.2214238268135258,1.819163288177412,0.11811910217802014,0.25088528564225826
1.2000000000000002,0.9714900382928674,0.23032122522531617,1.8318097734327112,0.11556880627443814,0.2509316815131897
1.25,0.969077286229078,0.23912698931065912,1.8447079588312132,0.1129074956713204,0.2510103395606872
1.3,0.9665681438385472,0.24783761565704884,1.8578715363673572,0.11013515776024267,0.2511249687714597
1.35,0.9639628606958532,0.2564496387029531,1.8713145500502868,0.10725187193522936,0.25127938403280115
1.4000000000000001,0.9612616959383189,0.2649596321166025,1.8850513955310917,0.10425783091804573,0.2514774907543098
1.4500000000000002,0.9584649182402357,0.2733642101591718,1.899096815970764,0.10115336539960336,0.25172326638359427
1.5,0.9555728057861407,0.28166002903181103,1.91346589350459,0.0979389723935678,0.2520207383877741
1.55,0.9525856462431461,0.28984378820599116,1.9281740355782542,0.09461534772137738,0.2523739582400438
1.6,0.9495037367323264,0.2979122317366337,1.9432369553456488,0.09118342306539129,0.25278697092198243
1.6500000000000001,0.9463273837991641,0.3058621495575032,1.9586706452294125,0.0876444080360597,0.25326377943020273
1.7000000000000002,0.9430569033830605,0.31369037875834627,1.9744913426542365,0.0839998376964461,0.2538083037635581
1.75,0.9396926207859083,0.3213938048432697,1.9907154868724186,0.08025162596894206,0.2544243338684741
1.8,0.9362348706397372,0.32896936296985635,2.007359665714217,0.07640212530956858,0.25511547603992935
1.85,0.9326839968734276,0.33641403916852647,2.0244405510165753,0.07245419296890789,0.25588509232000445
1.9000000000000001,0.9290403526785026,0.34372487154165904,2.041974821418181,0.06841126405860941,0.2567362325115546
1.9500000000000002,0.9253043004739967,0.35089895144199573,2.05997907116349,0.06427743150086132,0.25767155853916757
2.0,0.9214762118704076,0.3579334246298592,2.078469703541601,0.06005753274686154,0.2586932610516617
2.0500000000000003,0.9175564676327338,0.36482549240872547,2.097462807607776,0.05575724290045249,0.25980296837897415
2.1,0.9135454576426009,0.3715724127386971,2.1169740169076072,0.05138317356617901,0.2610016482404173
2.15,0.9094435808594821,0.37817150132743677,2.137018349059641,0.04694297634950509,0.262289502959299
2.2,0.9052512452810147,0.3846201326981244,2.1576100252662846,0.042445449465192284,0.26366585937744624
2.25,0.9009688679024191,0.3909157412340149,2.1787622691305737,0.03790064535568506,0.26512905518587454
2.3000000000000003,0.8965968746750208,0.3970558221991806,2.2004870845734557,0.03331997658766997,0.2666763239936081
2.35,0.8921357004638834,0.4030379327350311,2.2227950131872793,0.028716316591797242,0.2683036821376862
2.4000000000000004,0.8875857890045541,0.4088596928322157,2.245694872038323,0.024104091057314994,0.270005820976916
2.45,0.8829475928589269,0.41451878627752087,2.269193473752011,0.019499355021191267,0.2717760091819186
2.5,0.8782215733702285,0.42001296157538576,2.2932953316798623,0.014919849945052382,0.2736060102930311
2.5500000000000003,0.8734082006171298,0.4253400328436698,2.3180023540484203,0.010385034412940142,0.27548602150933454
2.6,0.8685079533669889,0.4304978806833158,2.3433135322062504,0.005916081583781901,0.27740464022487055
2.6500000000000004,0.8635213190282308,0.4354844530215621,2.369224629379287,0.001535836283521802,0.27934886515648316
2.7,0.8584487936018661,0.44029776592836906,2.395727877663477,-0.0027312752784829364,0.28130413891605266
2.75,0.8532908816321556,0.44493590440573433,2.422811692254302,-0.00685938963517993,0.2832544384692156
2.8000000000000003,0.8480480961564258,0.4493970231495835,2.450460413044533,-0.010821409405195936,0.28518241900076646
2.85,0.8427209586540392,0.45367934728393244,2.478654084607911,-0.014589269526229798,0.2870696152015139
2.9000000000000004,0.8373099989945233,0.4577811730670296,2.507368286110635,-0.018134267702915652,0.2888967018657376
2.95,0.831815755384869,0.46170086856919723,2.536574022735931,-0.021427457423274093,0.29064381295775976
3.0,0.8262387743159949,0.4654368743221021,2.5662376896609733,-0.024440098397004395,0.29229091505230076
3.0500000000000003,0.8205796105083915,0.46898770393919686,2.5963211184046955,-0.027144155408478476,0.29381822743432173
3.1,0.8148388268569449,0.47235194470708525,2.6267817134231297,-0.029512832608379003,0.29520667739575573
3.1500000000000004,0.8090169943749473,0.4755282581475768,2.657572684171804,-0.031521126510694386,0.2964383756924832
3.2,0.8031146921373018,0.47851538055020615,2.6886433745520444,-0.03314637778127416,0.29749709407343394
3.25,0.7971325072229225,0.481312123475006,2.71993968784815,-0.03436879967308565,0.29836872462226866
3.3000000000000003,0.7910710346563412,0.48391737422533326,2.751404601149776,-0.03517196001518391,0.29904169968214744
3.35,0.7849308773485225,0.48633009629056007,2.782978759097281,-0.03554319424136293,0.29950735160258496
3.4000000000000004,0.778712646036894,0.48854932975845466,2.8146011328797393,-0.03547392916000097,0.29976019356280015
3.45,0.7724169592245995,0.4905741916970863,2.8462097270536857,-0.03495990096240134,0.2997981062378897
3.5,0.766044443118978,0.49240387650610407,2.8777423142072096,-0.03400125611116073,0.29962241986370824
3.5500000000000003,0.7595957315692781,0.49403765623724805,2.9091371759826163,-0.03260252985180917,0.2992378869517097
3.6,0.7530714660036109,0.4954748808839674,2.940333828621928,-0.030772503641782384,0.2986525470215996
3.6500000000000004,0.7464722953651501,0.49671497864002784,2.9712737120433377,-0.02852394922614601,0.29787749071919023
3.7,0.739798876047584,0.49775745612700756,3.0019008234201197,-0.02587327285959498,0.29692653604581454
3.75,0.7330518718298263,0.49860189859059006,3.032162279148419,-0.022840077812354198,0.2958158337011113
3.8000000000000003,0.7262319538099931,0.49924797006557586,3.0620087927153627,-0.01944666647425322,0.2945634214226879
3.85,0.7193398003386511,0.4996954135095479,3.0913950600272604,-0.01571750492593163,0.2931887485466944
3.9000000000000004,0.7123760969513447,0.4999440509051367,3.1202800479300263,-0.011678672792653638,0.2917121918327287
3.95,0.7053415363004087,0.49999378333084593,-3.1345581215107603,-0.0073573197035346205,0.29015458206315436
4.0,0.6982368180860727,0.4998445910004081,-3.1067808445263494,-0.002781147033102588,0.2885367583202607
4.05,0.6910626489868646,0.49949653327065735,-3.079600868239475,0.002022069842137958,0.2868791635082534
4.1000000000000005,0.68381974258932,0.4989497486179132,-3.053041129970197,0.007024907408179182,0.28520149098035197
4.15,0.6765088193170051,0.498204454582888,-3.0271202005333357,0.0122006605785413,0.2835223883880614
4.2,0.6691306063588582,0.49726094768413664,-3.00185247710587,0.0175236462643307,0.2818592213674507
4.25,0.6616858375968594,0.49611960330008603,-2.9772484212119794,0.022969443541893758,0.28022789661976233
4.3,0.6541752535330345,0.49478087551968847,-2.953314830452117,0.02851507272427789,0.27864274145605183
4.3500000000000005,0.6465996012157996,0.4932452969617607,-2.9300551332925306,0.034139117720124915,0.27711643500980015
4.4,0.6389596341656558,0.49151347856307914,-2.9074696972343306,0.03982179750673083,0.27565998506858447
4.45,0.6312561123002389,0.4895861093353157,-2.8855561418831766,0.04554499340260025,0.2742827437817929
4.5,0.6234898018587336,0.4874639560909118,-2.8643096497415192,0.051292239179831126,0.27299245528306126
4.55,0.6156614753256583,0.48514786313799824,-2.8437232688615834,0.057048681005015686,0.27179532842659393
4.6000000000000005,0.6077719113540299,0.4826387519444837,-2.8237882027644012,0.06280101383944356,0.2706961282767574
4.65,0.5998218946879137,0.47993762077144453,-2.8044940842017847,0.06853740036005528,0.26969828061789536
4.7,0.5918122160843676,0.4770455442759621,-2.7858292303845573,0.07424737776510909,0.2688039844859106
4.75,0.5837436722347898,0.47396367308356585,-2.7677808782059663,0.0799217570716746,0.2680143284992914
4.800000000000001,0.5756170656856734,0.47069323333045154,-2.750335398749636,0.08555251874928863,0.26732940753480106
4.8500000000000005,0.5674332047587817,0.4672355261756577,-2.73347849099064,0.09113270780420418,0.2667484370162978
4.9,0.5591929034707467,0.46359192728339366,-2.7171953550860444,0.0966563307576003,0.26626986274101805
4.95,0.5508969814521024,0.4597638862757253,-2.701470846021017,0.10211825636408844,0.26589146474339015
5.0,0.5425462638657594,0.45575292615583657,-2.6862896086434565,0.10751412140068138,0.26561045418734186
5.050000000000001,0.5341415813249286,0.45156064270209584,-2.671636195299786,0.11284024242164774,0.26542356268526096
5.1000000000000005,0.5256837698105047,0.4471887038331684,-2.657495167392293,0.11809353401759756,0.2653271237703857
5.15,0.5171736705879126,0.4426388489444275,-2.6438511822282558,0.12327143383122341,0.2653171465070065
5.2,0.5086121301234315,0.4379128882159282,-2.630689066535759,0.12837183435932115,0.265389381418236
5.25,0.4999999999999999,0.4330127018922193,-2.6179938779914944,0.13339302140242384,0.26553937905342306
5.300000000000001,0.4913381368325113,0.42794023953427923,-2.6057509560513417,0.13833361890103862,0.2657625416154425
5.3500000000000005,0.4826274021826107,0.42269751924387494,-2.5939459633028163,0.1431925398130216,0.2660541681303539
5.4,0.4738686624729985,0.4172866268606512,-2.582564918475815,0.14796894263274366,0.2664094936756907
5.45,0.46506278890125036,0.4117097151322695,-2.5715942221594315,0.1526621931229606,0.26682372319534553
5.5,0.4562106573531629,0.4059690028579282,-2.561020676181816,0.15727183081916615,0.267292060424129
5.550000000000001,0.4473131483156324,0.400066774005603,-2.5508314975199067,0.16179753986904558,0.2678097324281314
5.6000000000000005,0.43837114678907724,0.39400537680336084,-2.5410143275185604,0.16623912378263284,0.26837201024170165
5.65,0.42938554219940894,0.387787222805106,-2.5315572371155164,0.1705964836888117,0.2689742260511262
5.7,0.4203572283095654,0.3814147859311332,-2.5224487286907427,0.17486959971843363,0.2696117873412326
5.75,0.4112871031306115,0.37489060148386705,-2.5136777350865462,0.17905851516166105,0.2702801883859335
5.800000000000001,0.4021760688324173,0.3682172651391808,-2.505233616278656,0.18316332307569363,0.27097501942845625
5.8500000000000005,0.39302503165392344,0.36139743191369567,-2.4971061541183013,0.1871841550477472,0.27169197386263794
5.9,0.3838349018130002,0.35443381510846944,-2.4892855455109832,0.1911211718462223,0.2724268536938427
5.95,0.37460659341591196,0.34732918522949857,-2.4817623943489235,0.1949745557198842,0.27317557352721866
6.0,0.365341024366395,0.3400863688854597,-2.4745277024707115,0.19874450413022612,0.2739341633023945
6.050000000000001,0.3560391162743565,0.3327082476631304,-2.4675728598831213,0.20243122472578107,0.27469876996744863
6.1000000000000005,0.34670179436420695,0.325197756980938,-2.460889634446037,0.20603493138887813,0.27546565826108244
6.15,0.3373299873828299,0.3175578849210893,-2.4544701611914617,0.20955584120519613,0.2762312107503442
6.2,0.32792462750720436,0.309791671040749,-2.4483069314213775,0.21299417222445824,0.2769919272518834
6.25,0.31848665025168443,0.3019022051627387,-2.4423927817063373,0.21635014189683371,0.2777444237474385
6.300000000000001,0.3090169943749473,0.2938926261462364,-2.4367208828867626,0.21962396608414889,0.278485430888928
6.3500000000000005,0.2995166017866191,0.28576612063796863,-2.4312847291616935,0.22281585855797822,0.27921179217495806
6.4,0.28998641745358605,0.27752592180438734,-2.4260781273348444,0.2259260309082124,0.27992046186863917
6.45,0.28042738930600275,0.2691753080453412,-2.421095186275021,0.22895469279590186,0.28060850271614246
6.5,0.27084046814300516,0.26071760168974906,-2.4163303066369655,0.23190205249318485,0.2812730835162911
6.550000000000001,0.2612266075381382,0.25215616767379695,-2.4117781708793333,0.23476831766103168,0.2819114765835228
6.6000000000000005,0.2515867637445084,0.24349441220218354,-2.4074337336085305,0.23755369632249795,0.28252105513964604
6.65,0.24192189559966767,0.23473578139294535,-2.4032922122703786,0.24025839799527618,0.28309929066383327
6.7,0.23223296443024255,0.22588375990640414,-2.399349078205908,0.24288263495265805,0.2836437502251228
6.75,0.22252093395631445,0.21694186955877912,-2.3956000480827995,0.24542662358667364,0.2841520938172582
6.800000000000001,0.21278677019556205,0.20791366792101632,-2.39204107571003,0.24789058585121737,0.28462207171187337
6.8500000000000005,0.2030314413671761,0.19880274690339406,-2.3886683442400156,0.2502747507664912,0.2850515218427635
6.9,0.19325591779555323,0.1896127313264642,-2.3854782587598464,0.25257935596915454,0.28543836723119426
6.95,0.18346117181378238,0.18034727747890184,-2.382467439271052,0.2548046492952164,0.2857806134598263
7.0,0.17364817766693022,0.17101007166283425,-2.379632714055609,0.2569508903850037,0.2860763462008225
7.050000000000001,0.1638179114151376,0.16160482872722992,-2.3769711134245286,0.2590183523015248,0.2863237288020023
7.1000000000000005,0.15397135083653354,0.15213529058992814,-2.3744798638443627,0.26100732315526437,0.28652099993347985
7.15,0.14410947532998014,0.14260522474890105,-2.3721563824361787,0.2629181077299266,0.28666647129602046
7.2,0.13423326581765532,0.1330184227833374,-2.3699982718410526,0.26475102910492726,0.286758525391354
7.25,0.12434370464748506,0.12337869884514671,-2.3680033154457942,0.2665064302715354,0.2867956133538513
7.300000000000001,0.11444177549543193,0.11368988814148066,-2.366169472962463,0.26818467574052157,0.2867762528422913
7.3500000000000005,0.10452846326765323,0.10395584540887944,-2.3644948763552174,0.26978615313998777,0.2866990259898857
7.4,0.09460475400253697,0.09418044337964827,-2.3629778261081493,0.2713112748027666,0.2865625774102796
7.45,0.08467163477262309,0.08436757124107236,-2.3616167878279537,0.27276047934338654,0.28636561225688417
7.5,0.07473009358642417,0.07452113308808714,-2.3604103891755743,0.27413423322512964,0.2861068943326174
7.550000000000001,0.0647811192901516,0.06464504637001638,-2.359357417121328,0.2754330323181671,0.2857852442469045
7.6000000000000005,0.054825701469359805,0.05474324033199829,-2.3584568155184193,0.27665740345015116,0.28539953761663556
7.65,0.044864830350514764,0.04481965445171659,-2.3577076829902377,0.2778079059509904,0.28494870330765426
7.7,0.03489949670250086,0.03487823687206254,-2.3571092711273036,0.27888513319382885,0.2844317217132805
7.75,0.024930691738072813,0.02492294283034852,-2.356660982990308,0.2798897141345163,0.2838476230663269
7.800000000000001,0.014959407015263384,0.014957733084698992,-2.3563623719162035,0.28082231485208026,0.28319548578105574
7.8500000000000005,0.004986634338757864,0.0049865723382461116,-2.356213140624932,0.2816836400929099,0.282474434821538
7.9,-0.004986634338758186,-0.0049865723382464325,-2.356213140624932,0.28247443482153806,0.28168364009290986
7.95,-0.014959407015263704,-0.014957733084699314,-2.3563623719162035,0.28319548578105574,0.28082231485208026
8.0,-0.024930691738072913,-0.024922942830348616,-2.356660982990308,0.2838476230663269,0.2798897141345163
8.05,-0.03489949670250118,-0.03487823687206286,-2.3571092711273036,0.28443172171328057,0.2788851331938288
8.1,-0.04486483035051486,-0.044819654451716685,-2.3577076829902377,0.28494870330765426,0.2778079059509904
8.15,-0.054825701469360125,-0.05474324033199861,-2.3584568155184193,0.28539953761663556,0.27665740345015116
8.200000000000001,-0.06478111929015214,-0.0646450463700169,-2.359357417121328,0.28578524424690455,0.27543303231816707
8.25,-0.07473009358642427,-0.07452113308808724,-2.3604103891755743,0.2861068943326174,0.27413423322512964
8.3,-0.0846716347726234,-0.08436757124107266,-2.3616167878279537,0.2863656122568842,0.2727604793433865
8.35,-0.09460475400253707,-0.09418044337964837,-2.3629778261081493,0.2865625774102796,0.2713112748027666
8.4,-0.10452846326765355,-0.10395584540887975,-2.3644948763552174,0.2866990259898857,0.26978615313998766
8.450000000000001,-0.11444177549543225,-0.11368988814148097,-2.366169472962463,0.2867762528422913,0.26818467574052146
8.5,-0.12434370464748516,-0.12337869884514681,-2.3680033154457942,0.2867956133538513,0.2665064302715354
8.55,-0.13423326581765563,-0.1330184227833377,-2.3699982718410526,0.286758525391354,0.26475102910492715
8.6,-0.14410947532998003,-0.14260522474890092,-2.3721563824361787,0.28666647129602046,0.2629181077299266
8.65,-0.15397135083653363,-0.15213529058992822,-2.374479863844363,0.2865209999334798,0.2610073231552643
8.700000000000001,-0.1638179114151379,-0.16160482872723023,-2.376971113424529,0.2863237288020023,0.2590183523015247
8.75,-0.1736481776669303,-0.17101007166283433,-2.379632714055609,0.28607634620082245,0.2569508903850036
8.8,-0.1834611718137825,-0.18034727747890192,-2.382467439271052,0.2857806134598263,0.2548046492952164
8.85,-0.19325591779555334,-0.18961273132646428,-2.3854782587598464,0.28543836723119426,0.25257935596915454
8.9,-0.2030314413671762,-0.19880274690339414,-2.388668344240016,0.2850515218427635,0.2502747507664912
8.950000000000001,-0.21278677019556236,-0.2079136679210166,-2.39204107571003,0.28462207171187337,0.2478905858512173
9.0,-0.22252093395631434,-0.216941869558779,-2.3956000480827995,0.28415209381725814,0.24542662358667364
9.05,-0.23223296443024266,-0.22588375990640422,-2.399349078205908,0.2836437502251228,0.24288263495265802
9.1,-0.24192189559966779,-0.23473578139294543,-2.4032922122703786,0.28309929066383327,0.24025839799527612
9.15,-0.2515867637445085,-0.24349441220218362,-2.4074337336085305,0.28252105513964604,0.23755369632249795
9.200000000000001,-0.26122660753813853,-0.2521561676737972,-2.4117781708793338,0.2819114765835228,0.23476831766103157
9.25,-0.2708404681430052,-0.26071760168974917,-2.4163303066369655,0.2812730835162911,0.23190205249318482
9.3,-0.2804273893060028,-0.26917530804534123,-2.421095186275021,0.28060850271614246,0.22895469279590186
9.35,-0.28998641745358616,-0.27752592180438745,-2.4260781273348444,0.27992046186863917,0.2259260309082123
9.4,-0.29951660178661943,-0.2857661206379689,-2.4312847291616935,0.27921179217495806,0.2228158585579781
9.450000000000001,-0.30901699437494756,-0.2938926261462367,-2.436720882886763,0.27848543088892797,0.21962396608414872
9.5,-0.31848665025168454,-0.30190220516273875,-2.4423927817063373,0.2777444237474385,0.21635014189683366
9.55,-0.32792462750720464,-0.3097916710407493,-2.448306931421378,0.2769919272518833,0.21299417222445816
9.600000000000001,-0.3373299873828302,-0.31755788492108955,-2.4544701611914617,0.2762312107503442,0.209555841205196
9.65,-0.3467017943642073,-0.3251977569809383,-2.4608896344460374,0.2754656582610824,0.206034931388878
9.700000000000001,-0.3560391162743571,-0.3327082476631308,-2.4675728598831217,0.2746987699674486,0.20243122472578087
9.75,-0.3653410243663951,-0.34008636888545973,-2.4745277024707115,0.27393416330239456,0.19874450413022612
9.8,-0.37460659341591224,-0.3473291852294988,-2.481762394348924,0.27317557352721866,0.19497455571988404
9.850000000000001,-0.3838349018130007,-0.35443381510846983,-2.4892855455109837,0.2724268536938427,0.19112117184622215
9.9,-0.3930250316539238,-0.3613974319136959,-2.4971061541183017,0.2716919738626379,0.18718415504774708
9.950000000000001,-0.40217606883241774,-0.3682172651391812,-2.5052336162786566,0.27097501942845625,0.1831633230756934
10.0,-0.41128710313061156,-0.3748906014838671,-2.5136777350865462,0.2702801883859335,0.17905851516166105
10.05,-0.4203572283095657,-0.38141478593113337,-2.522448728690743,0.2696117873412326,0.1748695997184335
10.100000000000001,-0.4293855421994092,-0.38778722280510625,-2.531557237115517,0.2689742260511262,0.1705964836888115
10.15,-0.4383711467890775,-0.39400537680336106,-2.541014327518561,0.26837201024170165,0.16623912378263273
10.200000000000001,-0.4473131483156327,-0.4000667740056032,-2.550831497519907,0.26780973242813133,0.1617975398690454
10.25,-0.45621065735316296,-0.40596900285792825,-2.561020676181816,0.267292060424129,0.15727183081916615
10.3,-0.46506278890125047,-0.4117097151322696,-2.5715942221594315,0.26682372319534553,0.1526621931229606
10.350000000000001,-0.47386866247299897,-0.41728662686065154,-2.5825649184758155,0.26640949367569067,0.14796894263274335
10.4,-0.48262740218261113,-0.4226975192438752,-2.5939459633028172,0.2660541681303539,0.14319253981302132
10.450000000000001,-0.4913381368325116,-0.4279402395342794,-2.605750956051342,0.26576254161544244,0.13833361890103846
10.5,-0.5000000000000002,-0.4330127018922194,-2.617993877991495,0.265539379053423,0.13339302140242365
10.55,-0.5086121301234318,-0.43791288821592833,-2.630689066535759,0.265389381418236,0.12837183435932098
10.600000000000001,-0.5171736705879127,-0.44263884894442757,-2.6438511822282558,0.2653171465070065,0.12327143383122335
10.65,-0.5256837698105048,-0.44718870383316844,-2.657495167392293,0.2653271237703857,0.1180935340175975
10.700000000000001,-0.5341415813249292,-0.45156064270209606,-2.671636195299787,0.26542356268526096,0.11284024242164743
10.75,-0.5425462638657593,-0.45575292615583657,-2.6862896086434565,0.26561045418734186,0.10751412140068138
10.8,-0.5508969814521029,-0.45976388627572545,-2.7014708460210177,0.2658914647433901,0.1021182563640882
10.850000000000001,-0.5591929034707471,-0.4635919272833938,-2.717195355086045,0.2662698627410181,0.09665633075760006
10.9,-0.567433204758782,-0.46723552617565783,-2.733478490990641,0.2667484370162978,0.09113270780420395
10.950000000000001,-0.5756170656856737,-0.47069323333045165,-2.7503353987496366,0.26732940753480106,0.08555251874928843
11.0,-0.58374367223479,-0.4739636730835659,-2.7677808782059667,0.2680143284992914,0.07992175707167445
11.05,-0.5918122160843678,-0.4770455442759622,-2.7858292303845578,0.26880398448591064,0.07424737776510892
11.100000000000001,-0.5998218946879141,-0.47993762077144464,-2.804494084201786,0.26969828061789547,0.06853740036005497
11.15,-0.60777191135403,-0.4826387519444837,-2.8237882027644012,0.27069612827675743,0.06280101383944348
11.200000000000001,-0.6156614753256586,-0.48514786313799835,-2.8437232688615843,0.271795328426594,0.05704868100501542
11.25,-0.6234898018587335,-0.4874639560909118,-2.864309649741519,0.27299245528306126,0.05129223917983121
11.3,-0.6312561123002393,-0.48958610933531577,-2.885556141883177,0.274282743781793,0.0455449934026
11.350000000000001,-0.638959634165656,-0.4915134785630792,-2.907469697234331,0.2756599850685846,0.03982179750673062
11.4,-0.6465996012157998,-0.4932452969617608,-2.9300551332925315,0.2771164350098002,0.03413911772012472
11.450000000000001,-0.6541752535330346,-0.4947808755196885,-2.953314830452117,0.2786427414560519,0.02851507272427778
11.5,-0.6616858375968595,-0.49611960330008603,-2.9772484212119794,0.2802278966197624,0.02296944354189362
11.55,-0.6691306063588582,-0.4972609476841367,-3.0018524771058703,0.2818592213674507,0.0175236462643307
11.600000000000001,-0.6765088193170055,-0.498204454582888,-3.027120200533337,0.2835223883880615,0.012200660578540967
11.65,-0.6838197425893201,-0.4989497486179132,-3.0530411299701976,0.2852014909803519,0.007024907408179237
11.700000000000001,-0.691062648986865,-0.49949653327065735,-3.079600868239476,0.2868791635082534,0.0020220698421377914
11.75,-0.6982368180860727,-0.4998445910004081,-3.106780844526349,0.2885367583202607,-0.0027811470331025323
11.8,-0.705341536300409,-0.49999378333084593,-3.134558121510761,0.2901545820631544,-0.007357319703534759
11.850000000000001,-0.712376096951345,-0.4999440509051367,3.1202800479300254,0.29171219183272873,-0.011678672792653777
11.9,-0.7193398003386513,-0.4996954135095479,3.09139506002726,0.2931887485466945,-0.015717504925931797
11.950000000000001,-0.7262319538099932,-0.49924797006557586,3.0620087927153623,0.294563421422688,-0.019446666474253305
12.0,-0.7330518718298263,-0.49860189859059006,3.0321622791484186,0.2958158337011113,-0.022840077812354198
12.05,-0.739798876047584,-0.49775745612700756,3.001900823420119,0.29692653604581465,-0.025873272859595037
12.100000000000001,-0.7464722953651505,-0.4967149786400278,2.9712737120433363,0.2978774907191902,-0.028523949226146095
12.15,-0.7530714660036109,-0.4954748808839674,2.940333828621928,0.2986525470215996,-0.030772503641782384
12.200000000000001,-0.7595957315692783,-0.494037656237248,2.9091371759826155,0.2992378869517097,-0.032602529851809225
12.25,-0.7660444431189782,-0.492403876506104,2.8777423142072087,0.2996224198637083,-0.03400125611116081
12.3,-0.7724169592245996,-0.49057419169708627,2.846209727053685,0.2997981062378897,-0.034959900962401425
12.350000000000001,-0.7787126460368942,-0.4885493297584546,2.814601132879739,0.29976019356280015,-0.035473929160001
12.4,-0.7849308773485225,-0.48633009629056007,2.782978759097281,0.299507351602585,-0.03554319424136301
12.450000000000001,-0.7910710346563413,-0.4839173742253332,2.7514046011497757,0.29904169968214744,-0.03517196001518391
12.5,-0.7971325072229225,-0.481312123475006,2.71993968784815,0.2983687246222686,-0.03436879967308562
12.55,-0.803114692137302,-0.47851538055020604,2.688643374552043,0.2974970940734339,-0.033146377781274106
12.600000000000001,-0.8090169943749477,-0.47552825814757665,2.657572684171803,0.29643837569248316,-0.031521126510694386
12.65,-0.8148388268569451,-0.47235194470708514,2.626781713423129,0.29520667739575573,-0.029512832608379003
12.700000000000001,-0.8205796105083917,-0.46898770393919675,2.5963211184046946,0.29381822743432173,-0.02714415540847845
12.75,-0.826238774315995,-0.46543687432210207,2.5662376896609724,0.2922909150523007,-0.02444009839700434
12.8,-0.8318157553848691,-0.4617008685691971,2.5365740227359304,0.2906438129577597,-0.02142745742327401
12.850000000000001,-0.8373099989945236,-0.4577811730670293,2.507368286110633,0.28889670186573757,-0.018134267702915458
12.9,-0.8427209586540392,-0.4536793472839324,2.478654084607911,0.28706961520151386,-0.014589269526229715
12.950000000000001,-0.8480480961564262,-0.4493970231495833,2.450460413044531,0.28518241900076635,-0.010821409405195742
13.0,-0.8532908816321556,-0.44493590440573433,2.422811692254302,0.2832544384692156,-0.00685938963517993
13.05,-0.8584487936018663,-0.44029776592836883,2.3957278776634756,0.2813041389160525,-0.0027312752784827143
13.100000000000001,-0.863521319028231,-0.4354844530215619,2.369224629379286,0.2793488651564831,0.0015358362835218853
13.15,-0.868507953366989,-0.4304978806833156,2.3433135322062495,0.27740464022487044,0.00591608158378204
13.200000000000001,-0.8734082006171299,-0.42534003284366967,2.31800235404842,0.27548602150933454,0.010385034412940142
13.25,-0.8782215733702287,-0.42001296157538565,2.293295331679862,0.2736060102930311,0.014919849945052494
13.3,-0.882947592858927,-0.4145187862775208,2.2691934737520105,0.27177600918191847,0.019499355021191406
13.350000000000001,-0.8875857890045543,-0.4088596928322154,2.245694872038322,0.2700058209769159,0.024104091057315244
13.4,-0.8921357004638834,-0.403037932735031,2.2227950131872793,0.2683036821376862,0.02871631659179731
13.450000000000001,-0.896596874675021,-0.39705582219918034,2.2004870845734548,0.26667632399360797,0.033319976587670164
13.5,-0.900968867902419,-0.39091574123401496,2.178762269130574,0.2651290551858746,0.037900645355684964
13.55,-0.9052512452810149,-0.3846201326981242,2.1576100252662838,0.26366585937744624,0.042445449465192395
13.600000000000001,-0.9094435808594822,-0.3781715013274366,2.1370183490596406,0.262289502959299,0.04694297634950523
13.65,-0.913545457642601,-0.371572412738697,2.116974016907607,0.26100164824041727,0.05138317356617904
13.700000000000001,-0.9175564676327339,-0.36482549240872536,2.0974628076077755,0.25980296837897415,0.05575724290045257
13.75,-0.9214762118704077,-0.35793342462985916,2.0784697035416007,0.2586932610516617,0.06005753274686158
13.8,-0.9253043004739967,-0.3508989514419957,2.05997907116349,0.25767155853916757,0.06427743150086132
13.850000000000001,-0.9290403526785028,-0.3437248715416587,2.0419748214181803,0.25673623251155453,0.06841126405860962
13.9,-0.9326839968734276,-0.3364140391685265,2.0244405510165753,0.25588509232000445,0.07245419296890786
13.950000000000001,-0.9362348706397373,-0.32896936296985607,2.0073596657142168,0.25511547603992935,0.07640212530956872
14.0,-0.9396926207859084,-0.32139380484326946,1.9907154868724182,0.25442433386847413,0.08025162596894214
14.05,-0.9430569033830606,-0.31369037875834604,1.974491342654236,0.2538083037635581,0.08399983769644614
14.100000000000001,-0.9463273837991643,-0.305862149557503,1.958670645229412,0.25326377943020273,0.08764440803605977
14.15,-0.9495037367323264,-0.29791223173663356,1.9432369553456486,0.25278697092198243,0.0911834230653913
14.200000000000001,-0.9525856462431462,-0.28984378820599105,1.928174035578254,0.2523739582400438,0.09461534772137739
14.25,-0.9555728057861408,-0.281660029031811,1.91346589350459,0.2520207383877741,0.0979389723935678
14.3,-0.9584649182402357,-0.2733642101591717,1.899096815970764,0.25172326638359427,0.10115336539960336
14.350000000000001,-0.961261695938319,-0.2649596321166022,1.885051395531091,0.2514774907543098,0.10425783091804589
14.4,-0.9639628606958534,-0.2564496387029528,1.8713145500502864,0.25127938403280115,0.10725187193522942
14.450000000000001,-0.9665681438385473,-0.24783761565704857,1.8578715363673568,0.2511249687714597,0.11013515776024276
14.5,-0.969077286229078,-0.2391269893106589,1.844707958831213,0.2510103395606872,0.11290749567132045
14.55,-0.9714900382928675,-0.23032122522531598,1.831809773432711,0.2509316815131897,0.11556880627443819
14.600000000000001,-0.9738061600429063,-0.22142382681352565,1.8191632881774118,0.25088528564225826,0.11811910217802019
14.65,-0.9760254211036244,-0.21243833394491912,1.806755160268421,0.2508675615276926,0.1205584696142531
14.700000000000001,-0.9781476007338057,-0.20336832153789966,1.794572390599669,0.2508750476279617,0.12288705266590366
14.75,-0.9801724878485438,-0.19421739813734737,1.782602315996988,0.2509044195626908,0.125105039786522
14.8,-0.9820998810402389,-0.18498920447893907,1.7708325995872347,0.2509524966563691,0.12721265233057155
14.850000000000001,-0.9839295885986297,-0.17568741204067104,1.7592512196243855,0.2510162470028048,0.12921013483770655
14.9,-0.985661428529863,-0.16631572158214072,1.7478464570554917,0.25109279128061446,0.131097746841713
14.950000000000001,-0.9872952285745957,-0.15687786167218498,1.7366068820685483,0.2511794055230982,0.13287575599923018
15.0,-0.9888308262251285,-0.14737758720545194,1.7255213398280296,0.2512735230212642,0.13454443235616864
15.05,-0.9902680687415704,-0.13781867790849947,1.7145789355718972,0.2513727355165032,0.136104043590654
15.100000000000001,-0.9916068131670303,-0.12820493683601367,1.7037690192157904,0.25147479381939053,0.13755485109038518
15.15,-0.9928469263418374,-0.11854018885774872,1.6930811695855092,0.2515776079731878,0.1388971067395499
15.200000000000001,-0.9939882849167853,-0.10882827913678074,1.6825051783774463,0.2516792470646786,0.14013105030599485
15.25,-0.9950307753654014,-0.09907307159969886,1.6720310339280011,0.25177793877085225,0.1412569073332975
15.3,-0.9959742939952391,-0.089278447399318,1.6616489048568253,0.25187206871747203,0.14227488745489006
15.350000000000001,-0.996818746958191,-0.07944830337055137,1.651349123634874,0.25196017971457196,0.1431851830585304
15.4,-0.9975640502598243,-0.0695865504800325,1.6411221701162324,0.2520409709242581,0.14398796823938154
15.450000000000001,-0.9982101297677352,-0.05969711227012199,1.6309586550625141,0.25211329700768986,0.144683397988838
15.5,-0.9987569212189223,-0.049783923297908206,1.6208493036799385,0.2521761672906436,0.14527160757418217
15.55,-0.9992043702261793,-0.03985092756982617,1.6107849391819025,0.25222874498047315,0.1457527120712669
15.600000000000001,-0.9995524322835033,-0.029902076972516616,1.6007564663837923,0.25227034646145513,0.1461268060188298
15.65,-0.9998010727705235,-0.019941329700552478,1.5907548553317998,0.25230044069032204,0.14639396316885045
15.700000000000001,-0.999950266955943,-0.00997264868164864,1.580771124963502,0.2523186487091234,0.14655423631267256
15.75,-1.0,-1.2246467991473532e-16,1.5707963267948968,0.2523247432883231,0.1466076571675237
15.8,-0.999950266955943,0.009972648681649283,1.5608215286262908,0.2523186487091234,0.1465542363126725
15.850000000000001,-0.9998010727705234,0.01994132970055268,1.550837798257993,0.252300440690322,0.14639396316885048
15.9,-0.9995524322835033,0.029902076972517257,1.5408361872060004,0.25227034646145513,0.14612680601882982
15.950000000000001,-0.9992043702261793,0.03985092756982636,1.5308077144078907,0.25222874498047315,0.1457527120712669
16.0,-0.9987569212189223,0.0497839232979084,1.5207433499098544,0.2521761672906437,0.1452716075741822
16.05,-0.9982101297677352,0.05969711227012219,1.5106339985272788,0.25211329700768986,0.144683397988838
16.1,-0.9975640502598242,0.06958655048003314,1.5004704834735603,0.2520409709242581,0.14398796823938148
16.150000000000002,-0.9968187469581908,0.079448303370552,1.4902435299549186,0.25196017971457196,0.14318518305853037
16.2,-0.9959742939952391,0.0892784473993182,1.4799437487329679,0.251872068717472,0.14227488745489
16.25,-0.9950307753654014,0.09907307159969905,1.469561619661792,0.2517779387708522,0.14125690733329746
16.3,-0.9939882849167853,0.10882827913678136,1.4590874752123464,0.25167924706467854,0.14013105030599474
16.35,-0.9928469263418372,0.11854018885774892,1.4485114840042839,0.2515776079731878,0.13889710673954997
16.400000000000002,-0.9916068131670301,0.12820493683601472,1.4378236343740016,0.2514747938193905,0.137554851090385
16.45,-0.9902680687415703,0.13781867790849966,1.4270137180178957,0.25137273551650313,0.13610404359065395
16.5,-0.9888308262251285,0.14737758720545213,1.4160713137617635,0.2512735230212642,0.1345444323561686
16.55,-0.9872952285745956,0.1568778616721856,1.4049857715212442,0.25117940552309825,0.1328757559992301
16.6,-0.9856614285298629,0.16631572158214133,1.393746196534301,0.25109279128061446,0.1310977468417129
16.650000000000002,-0.9839295885986296,0.17568741204067165,1.3823414339654072,0.2510162470028048,0.12921013483770644
16.7,-0.9820998810402389,0.18498920447893924,1.3707600540025582,0.2509524966563691,0.12721265233057152
16.75,-0.9801724878485438,0.19421739813734756,1.3589903375928052,0.25090441956269083,0.12510503978652193
16.8,-0.9781476007338056,0.20336832153790024,1.3470202629901233,0.2508750476279617,0.12288705266590345
16.85,-0.9760254211036243,0.2124383339449197,1.3348374933213716,0.2508675615276926,0.12055846961425294
16.900000000000002,-0.9738061600429062,0.22142382681352624,1.3224293654123807,0.25088528564225826,0.11811910217802002
16.95,-0.9714900382928674,0.23032122522531617,1.309782880157082,0.2509316815131897,0.11556880627443814
17.0,-0.969077286229078,0.23912698931065907,1.2968846947585801,0.2510103395606872,0.1129074956713204
17.05,-0.9665681438385471,0.24783761565704912,1.2837211172224354,0.2511249687714597,0.11013515776024259
17.1,-0.9639628606958532,0.25644963870295334,1.270278103539506,0.25127938403280115,0.10725187193522924
17.150000000000002,-0.9612616959383187,0.26495963211660306,1.2565412580587005,0.25147749075430986,0.1042578309180456
17.2,-0.9584649182402357,0.27336421015917156,1.2424958376190296,0.2517232663835942,0.1011533653996035
17.25,-0.9555728057861407,0.28166002903181114,1.2281267600852028,0.2520207383877741,0.09793897239356775
17.3,-0.9525856462431461,0.2898437882059912,1.213418618011539,0.2523739582400438,0.09461534772137734
17.35,-0.9495037367323262,0.2979122317366341,1.198355698244144,0.25278697092198243,0.0911834230653911
17.400000000000002,-0.946327383799164,0.3058621495575035,1.1829220083603802,0.25326377943020273,0.08764440803605954
17.45,-0.9430569033830605,0.3136903787583462,1.1671013109355568,0.2538083037635581,0.0839998376964461
17.5,-0.9396926207859084,0.3213938048432696,1.1508771667173747,0.25442433386847413,0.08025162596894202
17.55,-0.9362348706397371,0.3289693629698565,1.1342329878755755,0.25511547603992935,0.07640212530956846
17.6,-0.9326839968734275,0.33641403916852664,1.1171521025732174,0.25588509232000445,0.07245419296890782
17.650000000000002,-0.9290403526785024,0.3437248715416595,1.099617832171611,0.2567362325115547,0.06841126405860916
17.7,-0.9253043004739967,0.3508989514419958,1.081613582426303,0.2576715585391675,0.06427743150086128
17.75,-0.9214762118704076,0.3579334246298593,1.063122950048192,0.2586932610516617,0.06005753274686147
17.8,-0.9175564676327338,0.36482549240872547,1.0441298459820172,0.25980296837897415,0.05575724290045253
17.85,-0.9135454576426008,0.3715724127386974,1.024618636682185,0.2610016482404174,0.05138317356617879
17.900000000000002,-0.9094435808594818,0.37817150132743704,1.0045743045301514,0.2622895029592991,0.04694297634950491
17.95,-0.9052512452810147,0.3846201326981243,0.983982628323509,0.26366585937744624,0.042445449465192325
18.0,-0.9009688679024191,0.3909157412340148,0.9628303844592196,0.26512905518587454,0.03790064535568506
18.05,-0.8965968746750207,0.39705582219918073,0.941105569016337,0.2666763239936081,0.03331997658766987
18.1,-0.8921357004638834,0.40303793273503113,0.9187976404025134,0.2683036821376862,0.028716316591797228
18.150000000000002,-0.8875857890045538,0.408859692832216,0.8958977815514686,0.2700058209769161,0.024104091057314758
18.2,-0.8829475928589269,0.4145187862775209,0.8723991798377824,0.2717760091819186,0.01949935502119124
18.25,-0.8782215733702285,0.42001296157538576,0.848297321909931,0.2736060102930311,0.01491984994505241
18.3,-0.8734082006171298,0.4253400328436698,0.8235902995413729,0.27548602150933454,0.010385034412940142
18.35,-0.8685079533669887,0.43049788068331596,0.798279121383542,0.27740464022487055,0.005916081583781763
18.400000000000002,-0.8635213190282307,0.4354844530215622,0.7723680242105057,0.2793488651564832,0.0015358362835216077
18.45,-0.8584487936018662,0.44029776592836894,0.745864775926317,0.28130413891605255,-0.0027312752784828254
18.5,-0.8532908816321555,0.44493590440573444,0.7187809613354904,0.2832544384692156,-0.006859389635180013
18.55,-0.8480480961564258,0.4493970231495836,0.6911322405452601,0.28518241900076646,-0.01082140940519602
18.6,-0.8427209586540391,0.4536793472839325,0.6629385689818819,0.2870696152015139,-0.014589269526229798
18.650000000000002,-0.8373099989945231,0.45778117306702976,0.6342243674791571,0.2888967018657378,-0.018134267702915846
18.7,-0.831815755384869,0.46170086856919723,0.6050186308538623,0.29064381295775976,-0.021427457423274093
18.75,-0.8262387743159949,0.4654368743221021,0.57535496392882,0.29229091505230076,-0.024440098397004395
18.8,-0.8205796105083913,0.468987703939197,0.5452715351850967,0.29381822743432173,-0.027144155408478532
18.85,-0.8148388268569446,0.47235194470708536,0.5148109401666625,0.2952066773957559,-0.02951283260837914
18.900000000000002,-0.8090169943749472,0.4755282581475769,0.4840199694179882,0.2964383756924832,-0.03152112651069447
18.95,-0.8031146921373019,0.4785153805502061,0.45294927903774956,0.2974970940734339,-0.033146377781274106
19.0,-0.7971325072229224,0.48131212347500607,0.4216529657416424,0.2983687246222686,-0.03436879967308562
19.05,-0.7910710346563411,0.48391737422533326,0.3901880524400168,0.29904169968214744,-0.03517196001518383
19.1,-0.7849308773485222,0.4863300962905602,0.3586138944925104,0.299507351602585,-0.03554319424136296
19.150000000000002,-0.7787126460368937,0.4885493297584547,0.3269915207100524,0.29976019356280015,-0.035473929160001
19.200000000000003,-0.7724169592245992,0.4905741916970864,0.29538292653610615,0.2997981062378897,-0.03495990096240137
19.25,-0.766044443118978,0.492403876506104,0.2638503393825841,0.29962241986370824,-0.03400125611116073
19.3,-0.7595957315692778,0.4940376562372481,0.23245547760717575,0.2992378869517096,-0.03260252985180909
19.35,-0.7530714660036107,0.4954748808839674,0.20125882496786499,0.2986525470215996,-0.030772503641782384
19.400000000000002,-0.7464722953651497,0.4967149786400279,0.17031894154645374,0.29787749071919,-0.02852394922614579
19.450000000000003,-0.7397988760475837,0.4977574561270076,0.13969183016967207,0.29692653604581454,-0.02587327285959487
19.5,-0.7330518718298262,0.49860189859059006,0.10943037444137402,0.2958158337011112,-0.022840077812354087
19.55,-0.7262319538099931,0.49924797006557586,0.07958386087443046,0.2945634214226879,-0.01944666647425322
19.6,-0.7193398003386509,0.4996954135095479,0.05019759356253154,0.2931887485466944,-0.015717504925931547
19.650000000000002,-0.7123760969513445,0.4999440509051367,0.021312605659765803,0.2917121918327287,-0.011678672792653583
19.700000000000003,-0.7053415363004083,0.4999937833308459,-0.007034532079035208,0.29015458206315425,-0.0073573197035342874
19.75,-0.6982368180860729,0.4998445910004081,-0.03481180906344367,0.28853675832026077,-0.0027811470331027266
19.8,-0.6910626489868644,0.4994965332706573,-0.06199178535031886,0.28687916350825327,0.0020220698421381245
19.85,-0.68381974258932,0.4989497486179132,-0.08855152361959624,0.28520149098035197,0.007024907408179321
19.900000000000002,-0.6765088193170047,0.4982044545828879,-0.11447245305645888,0.2835223883880613,0.01220066057854155
19.950000000000003,-0.6691306063588578,0.4972609476841366,-0.1397401764839246,0.28185922136745056,0.017523646264330978
20.0,-0.6616858375968594,0.49611960330008603,-0.16434423237781415,0.28022789661976233,0.022969443541893758
20.05,-0.6541752535330344,0.49478087551968847,-0.18827782313767658,0.27864274145605183,0.028515072724277946
20.1,-0.6465996012157993,0.49324529696176067,-0.2115375202972632,0.2771164350098001,0.03413911772012507
20.150000000000002,-0.6389596341656553,0.491513478563079,-0.23412295635546446,0.27565998506858436,0.039821797506731246
20.200000000000003,-0.6312561123002387,0.48958610933531566,-0.25603651170661745,0.2742827437817929,0.04554499340260039
20.25,-0.6234898018587337,0.48746395609091187,-0.2772830038482738,0.2729924552830613,0.05129223917983107
20.3,-0.6156614753256581,0.4851478631379982,-0.29786938472821006,0.27179532842659393,0.0570486810050158
20.35,-0.6077719113540294,0.4826387519444835,-0.31780445082539316,0.2706961282767574,0.06280101383944389
20.400000000000002,-0.5998218946879136,0.4799376207714445,-0.3370985693880086,0.26969828061789536,0.06853740036005541
20.450000000000003,-0.5918122160843673,0.47704554427596196,-0.35576342320523674,0.2688039844859106,0.07424737776510931
20.5,-0.5837436722347898,0.47396367308356585,-0.3738117753838271,0.2680143284992914,0.0799217570716746
20.55,-0.5756170656856732,0.47069323333045143,-0.3912572548401578,0.26732940753480106,0.08555251874928879
20.6,-0.5674332047587819,0.4672355261756578,-0.4081141625991528,0.26674843701629786,0.09113270780420409
20.650000000000002,-0.5591929034707466,0.4635919272833936,-0.42439729850374924,0.26626986274101805,0.09665633075760044
20.700000000000003,-0.5508969814521019,0.459763886275725,-0.4401218075687773,0.2658914647433901,0.10211825636408878
20.75,-0.5425462638657592,0.45575292615583646,-0.45530304494633717,0.26561045418734186,0.10751412140068145
20.8,-0.5341415813249282,0.45156064270209556,-0.46995645829000804,0.2654235626852609,0.11284024242164806
20.85,-0.5256837698105046,0.44718870383316833,-0.48409748619750054,0.2653271237703857,0.11809353401759762
20.900000000000002,-0.5171736705879122,0.4426388489444273,-0.49774147136153835,0.26531714650700655,0.1232714338312237
20.950000000000003,-0.5086121301234309,0.43791288821592783,-0.5109035870540356,0.2653893814182359,0.1283718343593216
21.0,-0.4999999999999996,0.43301270189221913,-0.5235987755982995,0.265539379053423,0.13339302140242393
21.05,-0.49133813683251143,0.4279402395342793,-0.5358416975384515,0.26576254161544244,0.13833361890103857
21.1,-0.4826274021826106,0.4226975192438749,-0.5476466902869768,0.2660541681303539,0.14319253981302166
21.150000000000002,-0.473868662472998,0.41728662686065093,-0.5590277351139791,0.2664094936756907,0.1479689426327439
21.200000000000003,-0.4650627889012503,0.41170971513226945,-0.5699984314303621,0.2668237231953455,0.1526621931229607
21.25,-0.4562106573531632,0.4059690028579284,-0.580571977407977,0.26729206042412895,0.157271830819166
21.3,-0.4473131483156325,0.4000667740056031,-0.5907611560698864,0.2678097324281314,0.1617975398690455
21.35,-0.43837114678907696,0.3940053768033607,-0.600578326071233,0.26837201024170176,0.16623912378263303
21.400000000000002,-0.4293855421994083,0.3877872228051055,-0.6100354164742775,0.26897422605112625,0.17059648368881197
21.450000000000003,-0.4203572283095651,0.381414785931133,-0.619143924899051,0.2696117873412326,0.17486959971843377
21.5,-0.4112871031306116,0.3748906014838671,-0.627914918503247,0.2702801883859335,0.17905851516166105
21.55,-0.4021760688324172,0.36821726513918074,-0.6363590373111373,0.2709750194284563,0.18316332307569372
21.6,-0.39302503165392294,0.3613974319136953,-0.6444864994714924,0.27169197386263794,0.18718415504774738
21.650000000000002,-0.38383490181300006,0.3544338151084694,-0.6523071080788102,0.2724268536938427,0.19112117184622238
21.700000000000003,-0.37460659341591146,0.3473291852294982,-0.6598302592408698,0.2731755735272187,0.19497455571988437
21.75,-0.3653410243663949,0.3400863688854596,-0.6670649511190818,0.2739341633023945,0.1987445041302262
21.8,-0.35603911627435625,0.3327082476631301,-0.6740197937066724,0.27469876996744863,0.20243122472578123
21.85,-0.34670179436420706,0.3251977569809381,-0.6807030191437562,0.27546565826108244,0.20603493138887807
21.900000000000002,-0.3373299873828296,0.31755788492108905,-0.6871224923983319,0.2762312107503443,0.20955584120519627
21.950000000000003,-0.32792462750720364,0.30979167104074845,-0.6932857221684162,0.27699192725188343,0.2129941722244585
22.0,-0.3184866502516841,0.3019022051627384,-0.699199871883456,0.2777444237474386,0.2163501418968338
22.05,-0.30901699437494756,0.2938926261462367,-0.7048717707030303,0.27848543088892797,0.21962396608414872
22.1,-0.299516601786619,0.2857661206379686,-0.7103079244281,0.27921179217495806,0.22281585855797822
22.150000000000002,-0.28998641745358555,0.2775259218043869,-0.7155145262549493,0.2799204618686392,0.22592603090821256
22.200000000000003,-0.2804273893060018,0.26917530804534034,-0.7204974673147728,0.2806085027161425,0.22895469279590214
22.25,-0.2708404681430046,0.2607176016897486,-0.7252623469528281,0.28127308351629116,0.23190205249318502
22.3,-0.2612266075381383,0.25215616767379706,-0.7298144827104597,0.2819114765835228,0.23476831766103165
22.35,-0.25158676374450806,0.24349441220218326,-0.7341589199812627,0.2825210551396461,0.23755369632249812
22.400000000000002,-0.24192189559966693,0.23473578139294468,-0.7383004413194151,0.28309929066383327,0.24025839799527632
22.450000000000003,-0.23223296443024224,0.22588375990640386,-0.7422435753838854,0.2836437502251228,0.24288263495265808
22.5,-0.2225209339563146,0.21694186955877923,-0.7459926055069938,0.2841520938172582,0.2454266235866736
22.55,-0.21278677019556194,0.2079136679210162,-0.7495515778797631,0.28462207171187337,0.24789058585121737
22.6,-0.20303144136717557,0.19880274690339356,-0.7529243093497775,0.28505152184276356,0.25027475076649136
22.650000000000002,-0.19325591779555315,0.18961273132646408,-0.756114394829947,0.28543836723119426,0.25257935596915465
22.700000000000003,-0.18346117181378185,0.1803472774789013,-0.7591252143187412,0.28578061345982636,0.25480464929521657
22.75,-0.17364817766693033,0.17101007166283436,-0.7619599395341844,0.28607634620082245,0.2569508903850036
22.8,-0.1638179114151373,0.16160482872722962,-0.7646215401652646,0.28632372880200235,0.25901835230152487
22.85,-0.15397135083653277,0.15213529058992742,-0.7671127897454305,0.28652099993347985,0.2610073231552645
22.900000000000002,-0.14410947532997984,0.14260522474890075,-0.7694362711536145,0.2866664712960205,0.26291810772992663
22.950000000000003,-0.13423326581765477,0.13301842278333686,-0.7715943817487407,0.28675852539135394,0.2647510291049273
23.0,-0.12434370464748495,0.12337869884514661,-0.7735893381439989,0.2867956133538513,0.2665064302715354
23.05,-0.11444177549543139,0.11368988814148012,-0.7754231806273304,0.28677625284229136,0.2681846757405216
23.1,-0.10452846326765336,0.10395584540887956,-0.7770977772345761,0.2866990259898857,0.26978615313998777
23.150000000000002,-0.09460475400253665,0.09418044337964795,-0.7786148274816442,0.2865625774102795,0.2713112748027667
23.200000000000003,-0.08467163477262232,0.0843675712410716,-0.7799758657618397,0.28636561225688417,0.27276047934338665
23.25,-0.07473009358642384,0.07452113308808682,-0.7811822644142189,0.2861068943326173,0.2741342332251297
23.3,-0.06478111929015193,0.06464504637001671,-0.7822352364684655,0.28578524424690455,0.27543303231816707
23.35,-0.05482570146935971,0.05474324033199819,-0.7831358380713738,0.2853995376166355,0.2766574034501512
23.400000000000002,-0.04486483035051422,0.04481965445171605,-0.7838849705995558,0.2849487033076542,0.2778079059509905
23.450000000000003,-0.03489949670249987,0.034878236872061555,-0.7844833824624895,0.28443172171328046,0.2788851331938289
23.5,-0.024930691738073156,0.024922942830348863,-0.7849316705994854,0.2838476230663269,0.2798897141345163
23.55,-0.014959407015263505,0.014957733084699115,-0.7852302816735897,0.28319548578105574,0.28082231485208026
23.6,-0.004986634338757542,0.00498657233824579,-0.7853795129648611,0.282474434821538,0.2816836400929099
23.650000000000002,0.004986634338758952,-0.004986572338247198,-0.7853795129648612,0.28168364009290975,0.28247443482153806
23.700000000000003,0.014959407015264027,-0.014957733084699635,-0.7852302816735897,0.2808223148520802,0.2831954857810558
23.75,0.02493069173807279,-0.024922942830348495,-0.7849316705994854,0.2798897141345163,0.2838476230663269
23.8,0.03489949670250128,-0.03487823687206296,-0.7844833824624894,0.2788851331938288,0.28443172171328057
23.85,0.044864830350515625,-0.04481965445171745,-0.7838849705995558,0.27780790595099036,0.2849487033076543
23.900000000000002,0.05482570146936023,-0.05474324033199871,-0.7831358380713738,0.27665740345015116,0.28539953761663556
23.950000000000003,0.06478111929015246,-0.06464504637001722,-0.7822352364684654,0.27543303231816696,0.28578524424690455
24.0,0.07473009358642436,-0.07452113308808733,-0.7811822644142188,0.27413423322512964,0.2861068943326174
24.05,0.08467163477262372,-0.08436757124107298,-0.7799758657618395,0.2727604793433865,0.2863656122568842
24.1,0.09460475400253716,-0.09418044337964847,-0.7786148274816441,0.2713112748027666,0.2865625774102796
24.150000000000002,0.10452846326765387,-0.10395584540888006,-0.7770977772345761,0.26978615313998766,0.2866990259898857
24.200000000000003,0.11444177549543279,-0.1136898881414815,-0.7754231806273301,0.2681846757405214,0.28677625284229136
24.25,0.12434370464748548,-0.12337869884514711,-0.7735893381439988,0.26650643027153537,0.28679561335385134
24.3,0.1342332658176553,-0.13301842278333736,-0.7715943817487405,0.26475102910492726,0.286758525391354
24.35,0.14410947532998034,-0.14260522474890125,-0.7694362711536143,0.2629181077299266,0.28666647129602046
24.400000000000002,0.15397135083653418,-0.15213529058992875,-0.7671127897454302,0.2610073231552642,0.2865209999334798
24.450000000000003,0.16381791141513868,-0.16160482872723095,-0.7646215401652642,0.25901835230152465,0.28632372880200235
24.5,0.17364817766693083,-0.17101007166283483,-0.7619599395341842,0.25695089038500357,0.2860763462008225
24.55,0.18346117181378238,-0.1803472774789018,-0.759125214318741,0.2548046492952164,0.2857806134598263
24.6,0.19325591779555365,-0.18961273132646458,-0.7561143948299468,0.25257935596915454,0.28543836723119426
24.650000000000002,0.20303144136717696,-0.19880274690339486,-0.752924309349777,0.25027475076649097,0.2850515218427635
24.700000000000003,0.21278677019556247,-0.2079136679210167,-0.749551577879763,0.2478905858512172,0.2846220717118733
24.75,0.22252093395631423,-0.2169418695587789,-0.745992605506994,0.24542662358667372,0.2841520938172582
24.8,0.23223296443024274,-0.22588375990640433,-0.7422435753838852,0.24288263495265797,0.2836437502251228
24.85,0.2419218955996683,-0.2347357813929459,-0.7383004413194145,0.240258397995276,0.2830992906638332
24.900000000000002,0.2515867637445086,-0.2434944122021837,-0.7341589199812626,0.23755369632249793,0.28252105513964604
24.950000000000003,0.2612266075381388,-0.2521561676737975,-0.7298144827104593,0.23476831766103148,0.2819114765835228
25.0,0.2708404681430051,-0.26071760168974906,-0.7252623469528279,0.23190205249318485,0.2812730835162911
25.05,0.28042738930600314,-0.2691753080453415,-0.7204974673147722,0.22895469279590172,0.2806085027161424
25.1,0.2899864174535869,-0.27752592180438806,-0.7155145262549486,0.22592603090821212,0.2799204618686391
25.150000000000002,0.2995166017866195,-0.285766120637969,-0.7103079244280998,0.2228158585579781,0.2792117921749581
25.200000000000003,0.30901699437494806,-0.2938926261462371,-0.7048717707030301,0.21962396608414853,0.27848543088892797
25.25,0.3184866502516846,-0.30190220516273886,-0.6991998718834557,0.21635014189683366,0.2777444237474385
25.3,0.32792462750720497,-0.3097916710407495,-0.6932857221684153,0.21299417222445802,0.2769919272518833
25.35,0.3373299873828301,-0.31755788492108944,-0.6871224923983316,0.20955584120519608,0.27623121075034424
25.400000000000002,0.34670179436420756,-0.3251977569809385,-0.6807030191437559,0.20603493138887785,0.2754656582610824
25.450000000000003,0.3560391162743576,-0.3327082476631312,-0.6740197937066714,0.20243122472578068,0.2746987699674485
25.5,0.3653410243663954,-0.34008636888545996,-0.6670649511190815,0.19874450413022604,0.2739341633023945
25.55,0.37460659341591196,-0.34732918522949857,-0.6598302592408695,0.1949745557198842,0.27317557352721866
25.6,0.38383490181300056,-0.3544338151084697,-0.6523071080788098,0.19112117184622218,0.2724268536938426
25.650000000000002,0.3930250316539243,-0.3613974319136962,-0.6444864994714913,0.18718415504774685,0.2716919738626379
25.700000000000003,0.40217606883241847,-0.3682172651391817,-0.6363590373111361,0.1831633230756931,0.2709750194284562
25.75,0.4112871031306113,-0.3748906014838669,-0.6279149185032473,0.17905851516166116,0.2702801883859335
25.8,0.42035722830956557,-0.3814147859311333,-0.6191439248990506,0.1748695997184335,0.26961178734123253
25.85,0.4293855421994095,-0.3877872228051064,-0.6100354164742763,0.17059648368881136,0.26897422605112614
25.900000000000002,0.43837114678907824,-0.3940053768033615,-0.6005783260712316,0.16623912378263234,0.2683720102417016
25.950000000000003,0.44731314831563296,-0.40006677400560336,-0.5907611560698858,0.16179753986904527,0.26780973242813133
26.0,0.45621065735316285,-0.4059690028579282,-0.5805719774079774,0.15727183081916624,0.267292060424129
26.05,0.46506278890125075,-0.4117097151322698,-0.5699984314303616,0.15266219312296048,0.26682372319534553
26.1,0.47386866247299925,-0.4172866268606517,-0.5590277351139774,0.14796894263274324,0.2664094936756907
26.150000000000002,0.482627402182611,-0.42269751924387516,-0.5476466902869762,0.1431925398130214,0.2660541681303539
26.200000000000003,0.49133813683251193,-0.42794023953427957,-0.5358416975384508,0.1383336189010383,0.26576254161544244
26.25,0.5000000000000001,-0.43301270189221935,-0.5235987755982987,0.1333930214024237,0.265539379053423
26.3,0.5086121301234321,-0.4379128882159285,-0.5109035870540337,0.12837183435932087,0.2653893814182359
26.35,0.5171736705879126,-0.4426388489444275,-0.4977414713615377,0.12327143383122344,0.26531714650700655
26.400000000000002,0.525683769810505,-0.4471887038331686,-0.4840974861974998,0.11809353401759733,0.26532712377038575
26.450000000000003,0.5341415813249294,-0.45156064270209617,-0.46995645829000593,0.1128402424216473,0.26542356268526096
26.5,0.5425462638657597,-0.4557529261558367,-0.4553030449463364,0.10751412140068123,0.26561045418734186
26.55,0.5508969814521031,-0.45976388627572556,-0.4401218075687751,0.10211825636408808,0.2658914647433902
26.6,0.559192903470747,-0.46359192728339377,-0.4243972985037484,0.09665633075760018,0.2662698627410181
26.650000000000002,0.5674332047587823,-0.46723552617565794,-0.4081141625991519,0.09113270780420378,0.26674843701629786
26.700000000000003,0.5756170656856743,-0.47069323333045193,-0.39125725484015533,0.08555251874928797,0.2673294075348011
26.75,0.5837436722347903,-0.473963673083566,-0.37381177538382615,0.07992175707167425,0.26801432849929147
26.8,0.5918122160843677,-0.47704554427596213,-0.3557634232052358,0.07424737776510897,0.2688039844859106
26.85,0.599821894687914,-0.47993762077144464,-0.3370985693880076,0.06853740036005505,0.2696982806178954
26.900000000000002,0.6077719113540305,-0.4826387519444839,-0.3178044508253904,0.06280101383944302,0.2706961282767575
26.950000000000003,0.6156614753256585,-0.4851478631379983,-0.29786938472820906,0.05704868100501556,0.27179532842659393
27.0,0.6234898018587334,-0.48746395609091175,-0.2772830038482746,0.05129223917983129,0.27299245528306126
27.05,0.6312561123002391,-0.48958610933531577,-0.25603651170661634,0.04554499340260004,0.27428274378179296
27.1,0.6389596341656564,-0.49151347856307925,-0.2341229563554613,0.039821797506730414,0.2756599850685846
27.150000000000002,0.6465996012158004,-0.4932452969617609,-0.21153752029725995,0.034139117720124276,0.27711643500980027
27.200000000000003,0.6541752535330349,-0.4947808755196885,-0.18827782313767538,0.028515072724277585,0.27864274145605195
27.25,0.6616858375968594,-0.49611960330008603,-0.16434423237781395,0.022969443541893758,0.28022789661976233
27.3,0.6691306063588585,-0.4972609476841367,-0.13974017648392217,0.017523646264330506,0.28185922136745073
27.35,0.6765088193170058,-0.49820445458288803,-0.11447245305645526,0.0122006605785408,0.28352238838806154
27.400000000000002,0.6838197425893203,-0.49894974861791325,-0.08855152361959487,0.007024907408179071,0.285201490980352
27.450000000000003,0.6910626489868652,-0.49949653327065735,-0.06199178535031627,0.0020220698421376526,0.28687916350825343
27.5,0.698236818086073,-0.4998445910004081,-0.03481180906344346,-0.0027811470331027266,0.28853675832026077
27.55,0.7053415363004093,-0.49999378333084593,-0.007034532079031243,-0.007357319703534898,0.2901545820631545
27.6,0.7123760969513449,-0.4999440509051367,0.021312605659767295,-0.01167867279265375,0.2917121918327287
27.650000000000002,0.7193398003386514,-0.4996954135095478,0.05019759356253436,-0.015717504925931908,0.2931887485466945
27.700000000000003,0.7262319538099937,-0.49924797006557586,0.07958386087443334,-0.0194466664742535,0.294563421422688
27.75,0.7330518718298266,-0.49860189859059006,0.10943037444137559,-0.022840077812354226,0.2958158337011113
27.8,0.739798876047584,-0.49775745612700756,0.13969183016967365,-0.025873272859594926,0.29692653604581454
27.85,0.7464722953651504,-0.4967149786400278,0.17031894154645671,-0.028523949226146067,0.29787749071919023
27.900000000000002,0.7530714660036114,-0.4954748808839673,0.20125882496786793,-0.030772503641782523,0.29865254702159966
27.950000000000003,0.7595957315692788,-0.4940376562372479,0.2324554776071802,-0.032602529851809336,0.2992378869517097
28.0,0.7660444431189783,-0.49240387650610395,0.26385033938258573,-0.03400125611116078,0.29962241986370824
28.05,0.7724169592245995,-0.49057419169708627,0.29538292653610787,-0.034959900962401425,0.2997981062378897
28.1,0.7787126460368944,-0.48854932975845455,0.32699152071005544,-0.03547392916000103,0.29976019356280015
28.150000000000002,0.7849308773485231,-0.48633009629055984,0.35861389449251485,-0.0355431942413629,0.2995073516025849
28.200000000000003,0.7910710346563414,-0.48391737422533315,0.3901880524400185,-0.03517196001518383,0.29904169968214744
28.25,0.7971325072229224,-0.48131212347500607,0.4216529657416426,-0.03436879967308565,0.29836872462226866
28.3,0.8031146921373019,-0.4785153805502061,0.45294927903774984,-0.033146377781274106,0.2974970940734339
28.35,0.8090169943749478,-0.4755282581475766,0.4840199694179912,-0.03152112651069436,0.2964383756924832
28.400000000000002,0.814838826856945,-0.4723519447070852,0.5148109401666642,-0.029512832608379058,0.2952066773957558
28.450000000000003,0.8205796105083919,-0.46898770393919664,0.5452715351850997,-0.0271441554084782,0.2938182274343215
28.5,0.8262387743159949,-0.4654368743221021,0.5753549639288204,-0.02444009839700434,0.2922909150523007
28.55,0.8318157553848692,-0.461700868569197,0.6050186308538639,-0.021427457423273927,0.29064381295775965
28.6,0.8373099989945233,-0.45778117306702953,0.6342243674791586,-0.018134267702915735,0.2888967018657377
28.650000000000002,0.8427209586540393,-0.4536793472839323,0.6629385689818834,-0.014589269526229576,0.2870696152015138
28.700000000000003,0.8480480961564264,-0.4493970231495832,0.6911322405452628,-0.010821409405195603,0.2851824190007663
28.75,0.8532908816321558,-0.44493590440573416,0.718780961335492,-0.006859389635179819,0.2832544384692155
28.8,0.8584487936018664,-0.44029776592836867,0.7458647759263184,-0.00273127527848252,0.28130413891605244
28.85,0.8635213190282309,-0.43548445302156197,0.772368024210507,0.0015358362835218853,0.2793488651564831
28.900000000000002,0.8685079533669892,-0.43049788068331546,0.7982791213835444,0.0059160815837822345,0.2774046402248703
28.950000000000003,0.8734082006171302,-0.4253400328436693,0.8235902995413753,0.01038503441294053,0.2754860215093344
29.0,0.8782215733702288,-0.4200129615753855,0.8482973219099323,0.014919849945052577,0.27360601029303105
29.05,0.882947592858927,-0.41451878627752087,0.8723991798377826,0.01949935502119124,0.2717760091819186
29.1,0.8875857890045542,-0.40885969283221546,0.895897781551471,0.024104091057315244,0.2700058209769159
29.150000000000002,0.8921357004638837,-0.4030379327350306,0.9187976404025157,0.028716316591797658,0.2683036821376861
29.200000000000003,0.8965968746750209,-0.3970558221991804,0.9411055690163381,0.033319976587670094,0.26667632399360797
29.25,0.900968867902419,-0.39091574123401507,0.9628303844592189,0.037900645355684895,0.2651290551858746
29.3,0.9052512452810149,-0.3846201326981243,0.9839826283235092,0.042445449465192325,0.26366585937744624
29.35,0.9094435808594823,-0.3781715013274364,1.0045743045301534,0.046942976349505366,0.26228950295929887
29.400000000000002,0.9135454576426013,-0.3715724127386965,1.0246186366821879,0.0513831735661794,0.2610016482404172
29.450000000000003,0.917556467632734,-0.36482549240872514,1.0441298459820183,0.055757242900452766,0.2598029683789741
29.5,0.9214762118704076,-0.3579334246298592,1.063122950048192,0.06005753274686154,0.2586932610516617
29.55,0.9253043004739968,-0.35089895144199545,1.0816135824263038,0.06427743150086143,0.25767155853916746
29.6,0.9290403526785029,-0.3437248715416585,1.0996178321716135,0.06841126405860974,0.25673623251155453
29.650000000000002,0.9326839968734277,-0.33641403916852625,1.1171521025732183,0.07245419296890798,0.25588509232000445
29.700000000000003,0.9362348706397374,-0.3289693629698558,1.1342329878755772,0.07640212530956879,0.2551154760399293
29.75,0.9396926207859084,-0.3213938048432695,1.150877166717375,0.08025162596894214,0.25442433386847413
29.8,0.9430569033830607,-0.3136903787583458,1.1671013109355577,0.08399983769644628,0.2538083037635581
29.85,0.9463273837991643,-0.3058621495575031,1.1829220083603809,0.08764440803605977,0.25326377943020273
29.900000000000002,0.9495037367323265,-0.29791223173663334,1.1983556982441452,0.09118342306539144,0.2527869709219824
29.950000000000003,0.9525856462431465,-0.28984378820599044,1.2134186180115405,0.09461534772137767,0.2523739582400438
30.0,0.9555728057861408,-0.2816600290318107,1.2281267600852035,0.09793897239356787,0.2520207383877741
30.05,0.9584649182402356,-0.27336421015917184,1.2424958376190292,0.10115336539960336,0.25172326638359427
30.1,0.9612616959383189,-0.26495963211660223,1.256541258058702,0.10425783091804586,0.2514774907543098
30.150000000000002,0.9639628606958535,-0.2564496387029525,1.2702781035395074,0.10725187193522952,0.25127938403280115
30.200000000000003,0.9665681438385475,-0.2478376156570479,1.2837211172224374,0.11013515776024298,0.2511249687714597
30.25,0.9690772862290781,-0.23912698931065862,1.2968846947585808,0.11290749567132055,0.2510103395606872
30.3,0.9714900382928674,-0.2303212252253161,1.309782880157082,0.11556880627443814,0.2509316815131897
30.35,0.9738061600429064,-0.22142382681352538,1.322429365412382,0.11811910217802028,0.25088528564225826
30.400000000000002,0.9760254211036246,-0.21243833394491843,1.3348374933213731,0.12055846961425332,0.2508675615276926
30.450000000000003,0.9781476007338057,-0.20336832153789977,1.347020262990124,0.1228870526659036,0.2508750476279617
30.5,0.9801724878485438,-0.19421739813734748,1.3589903375928052,0.12510503978652193,0.2509044195626908
30.55,0.9820998810402389,-0.18498920447893918,1.3707600540025584,0.12721265233057152,0.2509524966563691
30.6,0.9839295885986298,-0.17568741204067073,1.382341433965408,0.1292101348377066,0.2510162470028048
30.650000000000002,0.985661428529863,-0.16631572158214086,1.3937461965343014,0.131097746841713,0.25109279128061446
30.700000000000003,0.9872952285745958,-0.15687786167218468,1.4049857715212453,0.13287575599923024,0.2511794055230982
30.75,0.9888308262251285,-0.14737758720545205,1.4160713137617635,0.13454443235616864,0.2512735230212642
30.8,0.9902680687415704,-0.13781867790849917,1.4270137180178963,0.1361040435906541,0.2513727355165032
30.85,0.9916068131670304,-0.12820493683601336,1.4378236343740032,0.1375548510903852,0.25147479381939053
30.900000000000002,0.9928469263418374,-0.11854018885774842,1.4485114840042843,0.13889710673955,0.25157760797318773
30.950000000000003,0.9939882849167853,-0.10882827913678042,1.4590874752123475,0.14013105030599488,0.2516792470646786
31.0,0.9950307753654014,-0.09907307159969854,1.4695616196617924,0.14125690733329752,0.2517779387708522
31.05,0.9959742939952391,-0.08927844739931769,1.4799437487329683,0.14227488745489006,0.25187206871747203
31.1,0.996818746958191,-0.07944830337055149,1.490243529954919,0.14318518305853037,0.25196017971457196
31.150000000000002,0.9975640502598243,-0.06958655048003218,1.5004704834735612,0.14398796823938154,0.2520409709242581
31.200000000000003,0.9982101297677352,-0.059697112270121235,1.5106339985272799,0.14468339798883806,0.25211329700768986
31.25,0.9987569212189223,-0.04978392329790788,1.520743349909855,0.1452716075741822,0.2521761672906436
31.3,0.9992043702261793,-0.039850927569826285,1.5308077144078907,0.1457527120712669,0.25222874498047315
31.35,0.9995524322835033,-0.029902076972516737,1.5408361872060008,0.1461268060188298,0.25227034646145513
31.400000000000002,0.9998010727705235,-0.019941329700551715,1.5508377982579942,0.14639396316885048,0.252300440690322
31.450000000000003,0.999950266955943,-0.009972648681647874,1.560821528626292,0.14655423631267256,0.2523186487091234
